scenario,n,structure,operation,samples,median_total_ns,q1_total_ns,q3_total_ns,iqr_total_ns,median_per_operation_ns,q1_per_operation_ns,q3_per_operation_ns,iqr_per_operation_ns
decreasing,100,avl,build,30,363600.0,358150.0,367250.0,9100.0,3636.0,3581.5,3672.5,91.0
decreasing,100,avl,delete,30,3300.0,3225.0,3400.0,175.0,3300.0,3225.0,3400.0,175.0
decreasing,100,avl,rank,30,9200.0,8925.0,9500.0,575.0,460.0,446.25,475.0,28.75
decreasing,100,avl,search_absent,30,5500.0,5425.0,5600.0,175.0,275.0,271.25,280.0,8.75
decreasing,100,avl,search_present,30,5000.0,4800.0,5100.0,300.0,250.0,240.0,255.0,15.0
decreasing,100,avl,select,30,11200.0,10900.0,11475.0,575.0,560.0,545.0,573.75,28.75
decreasing,100,bst,build,30,145850.0,145325.0,147075.0,1750.0,1458.5,1453.25,1470.75,17.5
decreasing,100,bst,delete,30,600.0,500.0,600.0,100.0,600.0,500.0,600.0,100.0
decreasing,100,bst,rank,30,89350.0,83875.0,93325.0,9450.0,4467.5,4193.75,4666.25,472.5
decreasing,100,bst,search_absent,30,29200.0,29000.0,29600.0,600.0,1460.0,1450.0,1480.0,30.0
decreasing,100,bst,search_present,30,29450.0,27250.0,31250.0,4000.0,1472.5,1362.5,1562.5,200.0
decreasing,100,bst,select,30,94200.0,87075.0,98275.0,11200.0,4710.0,4353.75,4913.75,560.0
decreasing,100,ordered_list,build,30,38600.0,37825.0,39375.0,1550.0,386.0,378.25,393.75,15.5
decreasing,100,ordered_list,delete,30,400.0,325.0,400.0,75.0,400.0,325.0,400.0,75.0
decreasing,100,ordered_list,rank,30,22250.0,21050.0,23600.0,2550.0,1112.5,1052.5,1180.0,127.5
decreasing,100,ordered_list,search_absent,30,20400.0,20200.0,20775.0,575.0,1020.0,1010.0,1038.75,28.75
decreasing,100,ordered_list,search_present,30,20700.0,20125.0,22400.0,2275.0,1035.0,1006.25,1120.0,113.75
decreasing,100,ordered_list,select,30,26250.0,23625.0,28025.0,4400.0,1312.5,1181.25,1401.25,220.0
decreasing,300,avl,build,30,1314250.0,1294375.0,1344125.0,49750.0,4380.833333333334,4314.583333333333,4480.416666666667,165.83333333333394
decreasing,300,avl,delete,30,4000.0,3900.0,4100.0,200.0,4000.0,3900.0,4100.0,200.0
decreasing,300,avl,rank,30,11250.0,10900.0,11475.0,575.0,562.5,545.0,573.75,28.75
decreasing,300,avl,search_absent,30,6800.0,6625.0,6800.0,175.0,340.0,331.25,340.0,8.75
decreasing,300,avl,search_present,30,6450.0,6300.0,6600.0,300.0,322.5,315.0,330.0,15.0
decreasing,300,avl,select,30,14100.0,13525.0,14400.0,875.0,705.0,676.25,720.0,43.75
decreasing,300,bst,build,30,1116500.0,1102550.0,1135675.0,33125.0,3721.6666666666665,3675.1666666666665,3785.5833333333335,110.41666666666697
decreasing,300,bst,delete,30,700.0,600.0,700.0,100.0,700.0,600.0,700.0,100.0
decreasing,300,bst,rank,30,264300.0,255475.0,276275.0,20800.0,13215.0,12773.75,13813.75,1040.0
decreasing,300,bst,search_absent,30,85550.0,84450.0,86875.0,2425.0,4277.5,4222.5,4343.75,121.25
decreasing,300,bst,search_present,30,87600.0,79125.0,91850.0,12725.0,4380.0,3956.25,4592.5,636.25
decreasing,300,bst,select,30,274950.0,259375.0,286125.0,26750.0,13747.5,12968.75,14306.25,1337.5
decreasing,300,ordered_list,build,30,119000.0,116925.0,122475.0,5550.0,396.66666666666663,389.75,408.25,18.5
decreasing,300,ordered_list,delete,30,400.0,400.0,500.0,100.0,400.0,400.0,500.0,100.0
decreasing,300,ordered_list,rank,30,65400.0,62900.0,68700.0,5800.0,3270.0,3145.0,3435.0,290.0
decreasing,300,ordered_list,search_absent,30,58800.0,58400.0,60075.0,1675.0,2940.0,2920.0,3003.75,83.75
decreasing,300,ordered_list,search_present,30,59150.0,55450.0,65400.0,9950.0,2957.5,2772.5,3270.0,497.5
decreasing,300,ordered_list,select,30,73500.0,69375.0,82375.0,13000.0,3675.0,3468.75,4118.75,650.0
decreasing,900,avl,build,30,4706950.0,4612450.0,5099850.0,487400.0,5229.944444444444,5124.944444444444,5666.5,541.5555555555557
decreasing,900,avl,delete,30,5400.0,5125.0,5775.0,650.0,5400.0,5125.0,5775.0,650.0
decreasing,900,avl,rank,30,14300.0,13800.0,14950.0,1150.0,715.0,690.0,747.5,57.5
decreasing,900,avl,search_absent,30,7900.0,7800.0,8200.0,400.0,395.0,390.0,410.0,20.0
decreasing,900,avl,search_present,30,8550.0,8200.0,10150.0,1950.0,427.5,410.0,507.5,97.5
decreasing,900,avl,select,30,17800.0,17125.0,19350.0,2225.0,890.0,856.25,967.5,111.25
decreasing,900,bst,build,30,9993400.0,9567525.0,10629400.0,1061875.0,11103.777777777777,10630.583333333334,11810.444444444445,1179.8611111111113
decreasing,900,bst,delete,30,1000.0,900.0,1275.0,375.0,1000.0,900.0,1275.0,375.0
decreasing,900,bst,rank,30,837600.0,763300.0,879300.0,116000.0,41880.0,38165.0,43965.0,5800.0
decreasing,900,bst,search_absent,30,260500.0,257625.0,265125.0,7500.0,13025.0,12881.25,13256.25,375.0
decreasing,900,bst,search_present,30,266900.0,240575.0,304575.0,64000.0,13345.0,12028.75,15228.75,3200.0
decreasing,900,bst,select,30,840400.0,810650.0,905825.0,95175.0,42020.0,40532.5,45291.25,4758.75
decreasing,900,ordered_list,build,30,386950.0,369700.0,468500.0,98800.0,429.94444444444446,410.7777777777778,520.5555555555555,109.77777777777771
decreasing,900,ordered_list,delete,30,600.0,500.0,700.0,200.0,600.0,500.0,700.0,200.0
decreasing,900,ordered_list,rank,30,207100.0,191100.0,228750.0,37650.0,10355.0,9555.0,11437.5,1882.5
decreasing,900,ordered_list,search_absent,30,175900.0,174400.0,178200.0,3800.0,8795.0,8720.0,8910.0,190.0
decreasing,900,ordered_list,search_present,30,183850.0,166075.0,203250.0,37175.0,9192.5,8303.75,10162.5,1858.75
decreasing,900,ordered_list,select,30,236550.0,223250.0,265575.0,42325.0,11827.5,11162.5,13278.75,2116.25
decreasing,2700,avl,build,30,17690300.0,17034475.0,19566700.0,2532225.0,6551.962962962963,6309.064814814814,7246.925925925926,937.8611111111122
decreasing,2700,avl,delete,30,7000.0,6625.0,7375.0,750.0,7000.0,6625.0,7375.0,750.0
decreasing,2700,avl,rank,30,18200.0,17300.0,19925.0,2625.0,910.0,865.0,996.25,131.25
decreasing,2700,avl,search_absent,30,9900.0,9325.0,11175.0,1850.0,495.0,466.25,558.75,92.5
decreasing,2700,avl,search_present,30,15600.0,12700.0,24975.0,12275.0,780.0,635.0,1248.75,613.75
decreasing,2700,avl,select,30,25050.0,23700.0,31425.0,7725.0,1252.5,1185.0,1571.25,386.25
decreasing,2700,bst,build,30,93092700.0,89158700.0,98530875.0,9372175.0,34478.77777777778,33021.740740740745,36492.916666666664,3471.1759259259197
decreasing,2700,bst,delete,30,1400.0,1300.0,1750.0,450.0,1400.0,1300.0,1750.0,450.0
decreasing,2700,bst,rank,30,2556550.0,2403075.0,2728525.0,325450.0,127827.5,120153.75,136426.25,16272.5
decreasing,2700,bst,search_absent,30,790400.0,780525.0,821275.0,40750.0,39520.0,39026.25,41063.75,2037.5
decreasing,2700,bst,search_present,30,822300.0,751175.0,889825.0,138650.0,41115.0,37558.75,44491.25,6932.5
decreasing,2700,bst,select,30,2761350.0,2518600.0,2991350.0,472750.0,138067.5,125930.0,149567.5,23637.5
decreasing,2700,ordered_list,build,30,2108750.0,1553100.0,2252675.0,699575.0,781.0185185185185,575.2222222222222,834.324074074074,259.10185185185185
decreasing,2700,ordered_list,delete,30,800.0,800.0,1175.0,375.0,800.0,800.0,1175.0,375.0
decreasing,2700,ordered_list,rank,30,689550.0,636225.0,818150.0,181925.0,34477.5,31811.25,40907.5,9096.25
decreasing,2700,ordered_list,search_absent,30,535250.0,526625.0,561825.0,35200.0,26762.5,26331.25,28091.25,1760.0
decreasing,2700,ordered_list,search_present,30,550500.0,497100.0,610875.0,113775.0,27525.0,24855.0,30543.75,5688.75
decreasing,2700,ordered_list,select,30,801100.0,723950.0,898225.0,174275.0,40055.0,36197.5,44911.25,8713.75
decreasing,5000,avl,build,30,34776100.0,33590225.0,38273475.0,4683250.0,6955.219999999999,6718.045,7654.695,936.6499999999996
decreasing,5000,avl,delete,30,6850.0,6525.0,7175.0,650.0,6850.0,6525.0,7175.0,650.0
decreasing,5000,avl,rank,30,19300.0,18700.0,20600.0,1900.0,965.0,935.0,1030.0,95.0
decreasing,5000,avl,search_absent,30,10800.0,10425.0,11550.0,1125.0,540.0,521.25,577.5,56.25
decreasing,5000,avl,search_present,30,17850.0,14500.0,22550.0,8050.0,892.5,725.0,1127.5,402.5
decreasing,5000,avl,select,30,28250.0,26525.0,29825.0,3300.0,1412.5,1326.25,1491.25,165.0
decreasing,5000,bst,build,30,310881250.0,300642600.0,315587350.0,14944750.0,62176.25,60128.520000000004,63117.47,2988.949999999997
decreasing,5000,bst,delete,30,1550.0,1300.0,1800.0,500.0,1550.0,1300.0,1800.0,500.0
decreasing,5000,bst,rank,30,4833200.0,4510475.0,5656775.0,1146300.0,241660.0,225523.75,282838.75,57315.0
decreasing,5000,bst,search_absent,30,1478850.0,1445400.0,1565800.0,120400.0,73942.5,72270.0,78290.0,6020.0
decreasing,5000,bst,search_present,30,1519650.0,1391750.0,1662500.0,270750.0,75982.5,69587.5,83125.0,13537.5
decreasing,5000,bst,select,30,5197950.0,4650250.0,5819175.0,1168925.0,259897.5,232512.5,290958.75,58446.25
decreasing,5000,ordered_list,build,30,3087050.0,2788250.0,3573900.0,785650.0,617.4100000000001,557.6500000000001,714.78,157.12999999999988
decreasing,5000,ordered_list,delete,30,900.0,800.0,1000.0,200.0,900.0,800.0,1000.0,200.0
decreasing,5000,ordered_list,rank,30,1306900.0,1211025.0,1442350.0,231325.0,65345.0,60551.25,72117.5,11566.25
decreasing,5000,ordered_list,search_absent,30,1001200.0,972175.0,1029825.0,57650.0,50060.0,48608.75,51491.25,2882.5
decreasing,5000,ordered_list,search_present,30,1058000.0,911775.0,1142375.0,230600.0,52900.0,45588.75,57118.75,11530.0
decreasing,5000,ordered_list,select,30,1520050.0,1256800.0,1634650.0,377850.0,76002.5,62840.0,81732.5,18892.5
duplicate_heavy,100,avl,build,30,367200.0,364550.0,371025.0,6475.0,3672.0,3645.5,3710.25,64.75
duplicate_heavy,100,avl,delete,30,3750.0,3600.0,4100.0,500.0,3750.0,3600.0,4100.0,500.0
duplicate_heavy,100,avl,rank,30,9700.0,9400.0,9900.0,500.0,485.0,470.0,495.0,25.0
duplicate_heavy,100,avl,search_absent,30,5700.0,5525.0,5875.0,350.0,285.0,276.25,293.75,17.5
duplicate_heavy,100,avl,search_present,30,3100.0,3000.0,3275.0,275.0,155.0,150.0,163.75,13.75
duplicate_heavy,100,avl,select,30,11750.0,11500.0,12275.0,775.0,587.5,575.0,613.75,38.75
duplicate_heavy,100,bst,build,30,61250.0,60475.0,63150.0,2675.0,612.5,604.75,631.5,26.75
duplicate_heavy,100,bst,delete,30,600.0,600.0,700.0,100.0,600.0,600.0,700.0,100.0
duplicate_heavy,100,bst,rank,30,100000.0,93375.0,114250.0,20875.0,5000.0,4668.75,5712.5,1043.75
duplicate_heavy,100,bst,search_absent,30,6300.0,5525.0,6775.0,1250.0,315.0,276.25,338.75,62.5
duplicate_heavy,100,bst,search_present,30,3600.0,3425.0,3875.0,450.0,180.0,171.25,193.75,22.5
duplicate_heavy,100,bst,select,30,105800.0,95250.0,116025.0,20775.0,5290.0,4762.5,5801.25,1038.75
duplicate_heavy,100,ordered_list,build,30,100400.0,96825.0,103775.0,6950.0,1004.0,968.25,1037.75,69.5
duplicate_heavy,100,ordered_list,delete,30,400.0,400.0,400.0,0.0,400.0,400.0,400.0,0.0
duplicate_heavy,100,ordered_list,rank,30,22700.0,20925.0,25375.0,4450.0,1135.0,1046.25,1268.75,222.5
duplicate_heavy,100,ordered_list,search_absent,30,21500.0,21400.0,21700.0,300.0,1075.0,1070.0,1085.0,15.0
duplicate_heavy,100,ordered_list,search_present,30,19900.0,18775.0,21075.0,2300.0,995.0,938.75,1053.75,115.0
duplicate_heavy,100,ordered_list,select,30,25450.0,23025.0,28600.0,5575.0,1272.5,1151.25,1430.0,278.75
duplicate_heavy,300,avl,build,30,1355750.0,1328250.0,1428450.0,100200.0,4519.166666666666,4427.5,4761.5,334.0
duplicate_heavy,300,avl,delete,30,4950.0,4525.0,5400.0,875.0,4950.0,4525.0,5400.0,875.0
duplicate_heavy,300,avl,rank,30,12100.0,11750.0,12275.0,525.0,605.0,587.5,613.75,26.25
duplicate_heavy,300,avl,search_absent,30,6800.0,6400.0,7000.0,600.0,340.0,320.0,350.0,30.0
duplicate_heavy,300,avl,search_present,30,4100.0,4000.0,4200.0,200.0,205.0,200.0,210.0,10.0
duplicate_heavy,300,avl,select,30,14900.0,14700.0,15400.0,700.0,745.0,735.0,770.0,35.0
duplicate_heavy,300,bst,build,30,215550.0,206100.0,247025.0,40925.0,718.5,687.0,823.4166666666666,136.41666666666663
duplicate_heavy,300,bst,delete,30,700.0,700.0,900.0,200.0,700.0,700.0,900.0,200.0
duplicate_heavy,300,bst,rank,30,312750.0,279250.0,335950.0,56700.0,15637.5,13962.5,16797.5,2835.0
duplicate_heavy,300,bst,search_absent,30,6800.0,5775.0,7575.0,1800.0,340.0,288.75,378.75,90.0
duplicate_heavy,300,bst,search_present,30,5200.0,4825.0,5800.0,975.0,260.0,241.25,290.0,48.75
duplicate_heavy,300,bst,select,30,318600.0,301300.0,356800.0,55500.0,15930.0,15065.0,17840.0,2775.0
duplicate_heavy,300,ordered_list,build,30,614300.0,594075.0,626950.0,32875.0,2047.6666666666665,1980.25,2089.8333333333335,109.58333333333348
duplicate_heavy,300,ordered_list,delete,30,500.0,400.0,600.0,200.0,500.0,400.0,600.0,200.0
duplicate_heavy,300,ordered_list,rank,30,65150.0,59375.0,71075.0,11700.0,3257.5,2968.75,3553.75,585.0
duplicate_heavy,300,ordered_list,search_absent,30,61300.0,60100.0,62450.0,2350.0,3065.0,3005.0,3122.5,117.5
duplicate_heavy,300,ordered_list,search_present,30,61550.0,53550.0,70050.0,16500.0,3077.5,2677.5,3502.5,825.0
duplicate_heavy,300,ordered_list,select,30,74300.0,69750.0,82200.0,12450.0,3715.0,3487.5,4110.0,622.5
duplicate_heavy,900,avl,build,30,5275550.0,4786675.0,5962550.0,1175875.0,5861.722222222223,5318.527777777777,6625.055555555556,1306.5277777777783
duplicate_heavy,900,avl,delete,30,6300.0,5900.0,7275.0,1375.0,6300.0,5900.0,7275.0,1375.0
duplicate_heavy,900,avl,rank,30,15400.0,14800.0,17325.0,2525.0,770.0,740.0,866.25,126.25
duplicate_heavy,900,avl,search_absent,30,8150.0,7825.0,8800.0,975.0,407.5,391.25,440.0,48.75
duplicate_heavy,900,avl,search_present,30,5550.0,5400.0,6050.0,650.0,277.5,270.0,302.5,32.5
duplicate_heavy,900,avl,select,30,18550.0,18125.0,20650.0,2525.0,927.5,906.25,1032.5,126.25
duplicate_heavy,900,bst,build,30,767200.0,715250.0,1188750.0,473500.0,852.4444444444445,794.7222222222223,1320.8333333333335,526.1111111111112
duplicate_heavy,900,bst,delete,30,1200.0,1100.0,1400.0,300.0,1200.0,1100.0,1400.0,300.0
duplicate_heavy,900,bst,rank,30,974200.0,890025.0,1060000.0,169975.0,48710.0,44501.25,53000.0,8498.75
duplicate_heavy,900,bst,search_absent,30,7350.0,6325.0,8650.0,2325.0,367.5,316.25,432.5,116.25
duplicate_heavy,900,bst,search_present,30,7050.0,6325.0,8025.0,1700.0,352.5,316.25,401.25,85.0
duplicate_heavy,900,bst,select,30,1083850.0,938725.0,1145525.0,206800.0,54192.5,46936.25,57276.25,10340.0
duplicate_heavy,900,ordered_list,build,30,4808650.0,4594525.0,5655600.0,1061075.0,5342.944444444444,5105.027777777778,6284.0,1178.9722222222217
duplicate_heavy,900,ordered_list,delete,30,800.0,700.0,1000.0,300.0,800.0,700.0,1000.0,300.0
duplicate_heavy,900,ordered_list,rank,30,227750.0,207200.0,276200.0,69000.0,11387.5,10360.0,13810.0,3450.0
duplicate_heavy,900,ordered_list,search_absent,30,182400.0,179600.0,185475.0,5875.0,9120.0,8980.0,9273.75,293.75
duplicate_heavy,900,ordered_list,search_present,30,185100.0,168725.0,209925.0,41200.0,9255.0,8436.25,10496.25,2060.0
duplicate_heavy,900,ordered_list,select,30,267100.0,229450.0,293725.0,64275.0,13355.0,11472.5,14686.25,3213.75
duplicate_heavy,2700,avl,build,30,17545000.0,16610825.0,24128875.0,7518050.0,6498.148148148148,6152.157407407407,8936.62037037037,2784.4629629629635
duplicate_heavy,2700,avl,delete,30,6900.0,6500.0,8275.0,1775.0,6900.0,6500.0,8275.0,1775.0
duplicate_heavy,2700,avl,rank,30,17850.0,17125.0,19575.0,2450.0,892.5,856.25,978.75,122.5
duplicate_heavy,2700,avl,search_absent,30,9650.0,9225.0,11050.0,1825.0,482.5,461.25,552.5,91.25
duplicate_heavy,2700,avl,search_present,30,7100.0,6700.0,7975.0,1275.0,355.0,335.0,398.75,63.75
duplicate_heavy,2700,avl,select,30,22700.0,21450.0,26450.0,5000.0,1135.0,1072.5,1322.5,250.0
duplicate_heavy,2700,bst,build,30,2872150.0,2463300.0,3237550.0,774250.0,1063.7592592592591,912.3333333333334,1199.0925925925926,286.75925925925924
duplicate_heavy,2700,bst,delete,30,1500.0,1125.0,1800.0,675.0,1500.0,1125.0,1800.0,675.0
duplicate_heavy,2700,bst,rank,30,3324350.0,2994950.0,5525975.0,2531025.0,166217.5,149747.5,276298.75,126551.25
duplicate_heavy,2700,bst,search_absent,30,9800.0,8550.0,14700.0,6150.0,490.0,427.5,735.0,307.5
duplicate_heavy,2700,bst,search_present,30,9450.0,8425.0,11200.0,2775.0,472.5,421.25,560.0,138.75
duplicate_heavy,2700,bst,select,30,3279450.0,3043725.0,4218300.0,1174575.0,163972.5,152186.25,210915.0,58728.75
duplicate_heavy,2700,ordered_list,build,30,39837650.0,38556200.0,43030525.0,4474325.0,14754.685185185186,14280.074074074075,15937.231481481482,1657.157407407407
duplicate_heavy,2700,ordered_list,delete,30,800.0,725.0,975.0,250.0,800.0,725.0,975.0,250.0
duplicate_heavy,2700,ordered_list,rank,30,760550.0,682475.0,810675.0,128200.0,38027.5,34123.75,40533.75,6410.0
duplicate_heavy,2700,ordered_list,search_absent,30,544300.0,522650.0,557900.0,35250.0,27215.0,26132.5,27895.0,1762.5
duplicate_heavy,2700,ordered_list,search_present,30,555500.0,499525.0,594600.0,95075.0,27775.0,24976.25,29730.0,4753.75
duplicate_heavy,2700,ordered_list,select,30,767250.0,725725.0,917425.0,191700.0,38362.5,36286.25,45871.25,9585.0
duplicate_heavy,5000,avl,build,30,36638400.0,34215075.0,41728150.0,7513075.0,7327.68,6843.014999999999,8345.63,1502.6149999999998
duplicate_heavy,5000,avl,delete,30,7750.0,7400.0,9750.0,2350.0,7750.0,7400.0,9750.0,2350.0
duplicate_heavy,5000,avl,rank,30,19950.0,19025.0,22275.0,3250.0,997.5,951.25,1113.75,162.5
duplicate_heavy,5000,avl,search_absent,30,9950.0,9525.0,12875.0,3350.0,497.5,476.25,643.75,167.5
duplicate_heavy,5000,avl,search_present,30,8700.0,8100.0,11850.0,3750.0,435.0,405.0,592.5,187.5
duplicate_heavy,5000,avl,select,30,24950.0,23950.0,29900.0,5950.0,1247.5,1197.5,1495.0,297.5
duplicate_heavy,5000,bst,build,30,6522650.0,5978925.0,7861500.0,1882575.0,1304.53,1195.7849999999999,1572.3,376.5150000000001
duplicate_heavy,5000,bst,delete,30,1550.0,1300.0,2325.0,1025.0,1550.0,1300.0,2325.0,1025.0
duplicate_heavy,5000,bst,rank,30,5531650.0,4899525.0,6668600.0,1769075.0,276582.5,244976.25,333430.0,88453.75
duplicate_heavy,5000,bst,search_absent,30,10850.0,9025.0,12950.0,3925.0,542.5,451.25,647.5,196.25
duplicate_heavy,5000,bst,search_present,30,12300.0,10950.0,13725.0,2775.0,615.0,547.5,686.25,138.75
duplicate_heavy,5000,bst,select,30,6145100.0,5611650.0,6845025.0,1233375.0,307255.0,280582.5,342251.25,61668.75
duplicate_heavy,5000,ordered_list,build,30,148812100.0,139633875.0,158456950.0,18823075.0,29762.42,27926.775,31691.39,3764.614999999998
duplicate_heavy,5000,ordered_list,delete,30,1000.0,900.0,1475.0,575.0,1000.0,900.0,1475.0,575.0
duplicate_heavy,5000,ordered_list,rank,30,1450550.0,1256200.0,1653175.0,396975.0,72527.5,62810.0,82658.75,19848.75
duplicate_heavy,5000,ordered_list,search_absent,30,1028350.0,988775.0,1375975.0,387200.0,51417.5,49438.75,68798.75,19360.0
duplicate_heavy,5000,ordered_list,search_present,30,1113600.0,909350.0,1417525.0,508175.0,55680.0,45467.5,70876.25,25408.75
duplicate_heavy,5000,ordered_list,select,30,1598750.0,1374850.0,1962950.0,588100.0,79937.5,68742.5,98147.5,29405.0
increasing,100,avl,build,30,369850.0,367475.0,374800.0,7325.0,3698.5,3674.75,3748.0,73.25
increasing,100,avl,delete,30,3650.0,3600.0,3700.0,100.0,3650.0,3600.0,3700.0,100.0
increasing,100,avl,rank,30,9200.0,8925.0,9500.0,575.0,460.0,446.25,475.0,28.75
increasing,100,avl,search_absent,30,5700.0,5600.0,5700.0,100.0,285.0,280.0,285.0,5.0
increasing,100,avl,search_present,30,5000.0,4900.0,5175.0,275.0,250.0,245.0,258.75,13.75
increasing,100,avl,select,30,11450.0,10925.0,11775.0,850.0,572.5,546.25,588.75,42.5
increasing,100,bst,build,30,149200.0,148400.0,151450.0,3050.0,1492.0,1484.0,1514.5,30.5
increasing,100,bst,delete,30,550.0,500.0,600.0,100.0,550.0,500.0,600.0,100.0
increasing,100,bst,rank,30,76950.0,74025.0,87475.0,13450.0,3847.5,3701.25,4373.75,672.5
increasing,100,bst,search_absent,30,29900.0,29625.0,30300.0,675.0,1495.0,1481.25,1515.0,33.75
increasing,100,bst,search_present,30,29950.0,26375.0,32050.0,5675.0,1497.5,1318.75,1602.5,283.75
increasing,100,bst,select,30,84700.0,79450.0,89875.0,10425.0,4235.0,3972.5,4493.75,521.25
increasing,100,ordered_list,build,30,138000.0,136300.0,140075.0,3775.0,1380.0,1363.0,1400.75,37.75
increasing,100,ordered_list,delete,30,400.0,400.0,400.0,0.0,400.0,400.0,400.0,0.0
increasing,100,ordered_list,rank,30,22250.0,20850.0,24925.0,4075.0,1112.5,1042.5,1246.25,203.75
increasing,100,ordered_list,search_absent,30,20850.0,20725.0,21175.0,450.0,1042.5,1036.25,1058.75,22.5
increasing,100,ordered_list,search_present,30,21600.0,19775.0,23425.0,3650.0,1080.0,988.75,1171.25,182.5
increasing,100,ordered_list,select,30,26300.0,24475.0,28175.0,3700.0,1315.0,1223.75,1408.75,185.0
increasing,300,avl,build,30,1348150.0,1332825.0,1368900.0,36075.0,4493.833333333334,4442.75,4563.0,120.25
increasing,300,avl,delete,30,4250.0,4200.0,4300.0,100.0,4250.0,4200.0,4300.0,100.0
increasing,300,avl,rank,30,11550.0,11125.0,11900.0,775.0,577.5,556.25,595.0,38.75
increasing,300,avl,search_absent,30,6850.0,6700.0,7000.0,300.0,342.5,335.0,350.0,15.0
increasing,300,avl,search_present,30,6500.0,6325.0,6600.0,275.0,325.0,316.25,330.0,13.75
increasing,300,avl,select,30,14250.0,14000.0,14700.0,700.0,712.5,700.0,735.0,35.0
increasing,300,bst,build,30,1120550.0,1109975.0,1133050.0,23075.0,3735.166666666667,3699.9166666666665,3776.8333333333335,76.91666666666697
increasing,300,bst,delete,30,600.0,600.0,600.0,0.0,600.0,600.0,600.0,0.0
increasing,300,bst,rank,30,236150.0,212575.0,261225.0,48650.0,11807.5,10628.75,13061.25,2432.5
increasing,300,bst,search_absent,30,88000.0,87050.0,89175.0,2125.0,4400.0,4352.5,4458.75,106.25
increasing,300,bst,search_present,30,88850.0,80050.0,92275.0,12225.0,4442.5,4002.5,4613.75,611.25
increasing,300,bst,select,30,240450.0,229425.0,262025.0,32600.0,12022.5,11471.25,13101.25,1630.0
increasing,300,ordered_list,build,30,1000950.0,992975.0,1016675.0,23700.0,3336.5,3309.9166666666665,3388.9166666666665,79.0
increasing,300,ordered_list,delete,30,400.0,400.0,400.0,0.0,400.0,400.0,400.0,0.0
increasing,300,ordered_list,rank,30,63950.0,58475.0,71900.0,13425.0,3197.5,2923.75,3595.0,671.25
increasing,300,ordered_list,search_absent,30,60300.0,59500.0,60900.0,1400.0,3015.0,2975.0,3045.0,70.0
increasing,300,ordered_list,search_present,30,61100.0,54825.0,65900.0,11075.0,3055.0,2741.25,3295.0,553.75
increasing,300,ordered_list,select,30,72950.0,68500.0,79300.0,10800.0,3647.5,3425.0,3965.0,540.0
increasing,900,avl,build,30,4645550.0,4510675.0,5134150.0,623475.0,5161.722222222223,5011.861111111111,5704.611111111111,692.75
increasing,900,avl,delete,30,5100.0,5025.0,5400.0,375.0,5100.0,5025.0,5400.0,375.0
increasing,900,avl,rank,30,13450.0,12900.0,13800.0,900.0,672.5,645.0,690.0,45.0
increasing,900,avl,search_absent,30,7600.0,7425.0,7700.0,275.0,380.0,371.25,385.0,13.75
increasing,900,avl,search_present,30,7800.0,7525.0,8175.0,650.0,390.0,376.25,408.75,32.5
increasing,900,avl,select,30,17100.0,16700.0,17700.0,1000.0,855.0,835.0,885.0,50.0
increasing,900,bst,build,30,9205550.0,9169675.0,9585750.0,416075.0,10228.388888888889,10188.527777777777,10650.833333333332,462.30555555555475
increasing,900,bst,delete,30,700.0,600.0,800.0,200.0,700.0,600.0,800.0,200.0
increasing,900,bst,rank,30,742050.0,633400.0,803425.0,170025.0,37102.5,31670.0,40171.25,8501.25
increasing,900,bst,search_absent,30,256450.0,253925.0,264850.0,10925.0,12822.5,12696.25,13242.5,546.25
increasing,900,bst,search_present,30,262800.0,248175.0,272500.0,24325.0,13140.0,12408.75,13625.0,1216.25
increasing,900,bst,select,30,737800.0,697375.0,802775.0,105400.0,36890.0,34868.75,40138.75,5270.0
increasing,900,ordered_list,build,30,8145700.0,8049975.0,8453600.0,403625.0,9050.777777777777,8944.416666666666,9392.888888888889,448.4722222222226
increasing,900,ordered_list,delete,30,400.0,400.0,500.0,100.0,400.0,400.0,500.0,100.0
increasing,900,ordered_list,rank,30,220300.0,180925.0,240700.0,59775.0,11015.0,9046.25,12035.0,2988.75
increasing,900,ordered_list,search_absent,30,173500.0,171575.0,175725.0,4150.0,8675.0,8578.75,8786.25,207.5
increasing,900,ordered_list,search_present,30,174600.0,166175.0,185400.0,19225.0,8730.0,8308.75,9270.0,961.25
increasing,900,ordered_list,select,30,231700.0,219050.0,254750.0,35700.0,11585.0,10952.5,12737.5,1785.0
increasing,2700,avl,build,30,15964150.0,15737300.0,16841850.0,1104550.0,5912.648148148148,5828.62962962963,6237.722222222222,409.09259259259215
increasing,2700,avl,delete,30,6750.0,6400.0,7075.0,675.0,6750.0,6400.0,7075.0,675.0
increasing,2700,avl,rank,30,17150.0,16550.0,17825.0,1275.0,857.5,827.5,891.25,63.75
increasing,2700,avl,search_absent,30,8850.0,8700.0,9400.0,700.0,442.5,435.0,470.0,35.0
increasing,2700,avl,search_present,30,9850.0,9225.0,12450.0,3225.0,492.5,461.25,622.5,161.25
increasing,2700,avl,select,30,21250.0,20400.0,23775.0,3375.0,1062.5,1020.0,1188.75,168.75
increasing,2700,bst,build,30,82388500.0,81883000.0,86010500.0,4127500.0,30514.25925925926,30327.037037037036,31855.740740740745,1528.703703703708
increasing,2700,bst,delete,30,1000.0,1000.0,1300.0,300.0,1000.0,1000.0,1300.0,300.0
increasing,2700,bst,rank,30,2255450.0,2096600.0,2368050.0,271450.0,112772.5,104830.0,118402.5,13572.5
increasing,2700,bst,search_absent,30,770150.0,757875.0,780950.0,23075.0,38507.5,37893.75,39047.5,1153.75
increasing,2700,bst,search_present,30,795850.0,718200.0,830150.0,111950.0,39792.5,35910.0,41507.5,5597.5
increasing,2700,bst,select,30,2303850.0,2156750.0,2666000.0,509250.0,115192.5,107837.5,133300.0,25462.5
increasing,2700,ordered_list,build,30,72436350.0,71469550.0,74852975.0,3383425.0,26828.277777777777,26470.203703703704,27723.324074074073,1253.1203703703686
increasing,2700,ordered_list,delete,30,700.0,700.0,800.0,100.0,700.0,700.0,800.0,100.0
increasing,2700,ordered_list,rank,30,686450.0,639150.0,707550.0,68400.0,34322.5,31957.5,35377.5,3420.0
increasing,2700,ordered_list,search_absent,30,519450.0,512100.0,533000.0,20900.0,25972.5,25605.0,26650.0,1045.0
increasing,2700,ordered_list,search_present,30,536900.0,494000.0,564600.0,70600.0,26845.0,24700.0,28230.0,3530.0
increasing,2700,ordered_list,select,30,755500.0,699725.0,812800.0,113075.0,37775.0,34986.25,40640.0,5653.75
increasing,5000,avl,build,30,36724500.0,33028425.0,42080475.0,9052050.0,7344.9,6605.685,8416.095000000001,1810.4100000000008
increasing,5000,avl,delete,30,7850.0,7400.0,11025.0,3625.0,7850.0,7400.0,11025.0,3625.0
increasing,5000,avl,rank,30,20750.0,19475.0,32250.0,12775.0,1037.5,973.75,1612.5,638.75
increasing,5000,avl,search_absent,30,10250.0,9900.0,13300.0,3400.0,512.5,495.0,665.0,170.0
increasing,5000,avl,search_present,30,19750.0,16600.0,30700.0,14100.0,987.5,830.0,1535.0,705.0
increasing,5000,avl,select,30,31500.0,27475.0,44025.0,16550.0,1575.0,1373.75,2201.25,827.5
increasing,5000,bst,build,30,316381050.0,300488900.0,335011950.0,34523050.0,63276.21,60097.780000000006,67002.38999999998,6904.609999999979
increasing,5000,bst,delete,30,1550.0,1400.0,1775.0,375.0,1550.0,1400.0,1775.0,375.0
increasing,5000,bst,rank,30,4524700.0,3860825.0,5003450.0,1142625.0,226235.0,193041.25,250172.5,57131.25
increasing,5000,bst,search_absent,30,1478400.0,1443500.0,1582675.0,139175.0,73920.0,72175.0,79133.75,6958.75
increasing,5000,bst,search_present,30,1463900.0,1369800.0,1691925.0,322125.0,73195.0,68490.0,84596.25,16106.25
increasing,5000,bst,select,30,4549900.0,4242700.0,5250675.0,1007975.0,227495.0,212135.0,262533.75,50398.75
increasing,5000,ordered_list,build,30,276427350.0,267797900.0,287353325.0,19555425.0,55285.47,53559.58,57470.665,3911.084999999999
increasing,5000,ordered_list,delete,30,900.0,825.0,1000.0,175.0,900.0,825.0,1000.0,175.0
increasing,5000,ordered_list,rank,30,1270700.0,1195050.0,1544225.0,349175.0,63535.0,59752.5,77211.25,17458.75
increasing,5000,ordered_list,search_absent,30,988900.0,965700.0,1016575.0,50875.0,49445.0,48285.0,50828.75,2543.75
increasing,5000,ordered_list,search_present,30,999450.0,939975.0,1161925.0,221950.0,49972.5,46998.75,58096.25,11097.5
increasing,5000,ordered_list,select,30,1392550.0,1325950.0,1587925.0,261975.0,69627.5,66297.5,79396.25,13098.75
random_distinct,100,avl,build,30,333200.0,327925.0,338150.0,10225.0,3332.0,3279.25,3381.5,102.25
random_distinct,100,avl,delete,30,3650.0,3300.0,4050.0,750.0,3650.0,3300.0,4050.0,750.0
random_distinct,100,avl,rank,30,9400.0,8900.0,9775.0,875.0,470.0,445.0,488.75,43.75
random_distinct,100,avl,search_absent,30,5500.0,5200.0,5500.0,300.0,275.0,260.0,275.0,15.0
random_distinct,100,avl,search_present,30,5000.0,4825.0,5200.0,375.0,250.0,241.25,260.0,18.75
random_distinct,100,avl,select,30,11450.0,10925.0,11700.0,775.0,572.5,546.25,585.0,38.75
random_distinct,100,bst,build,30,58200.0,55325.0,59475.0,4150.0,582.0,553.25,594.75,41.5
random_distinct,100,bst,delete,30,600.0,600.0,700.0,100.0,600.0,600.0,700.0,100.0
random_distinct,100,bst,rank,30,97300.0,90650.0,107800.0,17150.0,4865.0,4532.5,5390.0,857.5
random_distinct,100,bst,search_absent,30,4150.0,3900.0,4750.0,850.0,207.5,195.0,237.5,42.5
random_distinct,100,bst,search_present,30,5700.0,5450.0,6275.0,825.0,285.0,272.5,313.75,41.25
random_distinct,100,bst,select,30,96600.0,89225.0,113625.0,24400.0,4830.0,4461.25,5681.25,1220.0
random_distinct,100,ordered_list,build,30,90500.0,87300.0,94325.0,7025.0,905.0,873.0,943.25,70.25
random_distinct,100,ordered_list,delete,30,400.0,325.0,400.0,75.0,400.0,325.0,400.0,75.0
random_distinct,100,ordered_list,rank,30,22150.0,20900.0,24350.0,3450.0,1107.5,1045.0,1217.5,172.5
random_distinct,100,ordered_list,search_absent,30,20500.0,20300.0,20775.0,475.0,1025.0,1015.0,1038.75,23.75
random_distinct,100,ordered_list,search_present,30,21150.0,19900.0,23000.0,3100.0,1057.5,995.0,1150.0,155.0
random_distinct,100,ordered_list,select,30,24350.0,22800.0,27750.0,4950.0,1217.5,1140.0,1387.5,247.5
random_distinct,300,avl,build,30,1225200.0,1199375.0,1240825.0,41450.0,4084.0,3997.9166666666665,4136.083333333333,138.16666666666652
random_distinct,300,avl,delete,30,4500.0,4300.0,4775.0,475.0,4500.0,4300.0,4775.0,475.0
random_distinct,300,avl,rank,30,11200.0,11000.0,11675.0,675.0,560.0,550.0,583.75,33.75
random_distinct,300,avl,search_absent,30,6600.0,6325.0,6875.0,550.0,330.0,316.25,343.75,27.5
random_distinct,300,avl,search_present,30,6600.0,6400.0,6700.0,300.0,330.0,320.0,335.0,15.0
random_distinct,300,avl,select,30,14100.0,13725.0,14600.0,875.0,705.0,686.25,730.0,43.75
random_distinct,300,bst,build,30,192700.0,189050.0,198475.0,9425.0,642.3333333333333,630.1666666666666,661.5833333333334,31.416666666666742
random_distinct,300,bst,delete,30,700.0,700.0,800.0,100.0,700.0,700.0,800.0,100.0
random_distinct,300,bst,rank,30,304300.0,261350.0,319550.0,58200.0,15215.0,13067.5,15977.5,2910.0
random_distinct,300,bst,search_absent,30,5550.0,4725.0,6050.0,1325.0,277.5,236.25,302.5,66.25
random_distinct,300,bst,search_present,30,8000.0,7525.0,8275.0,750.0,400.0,376.25,413.75,37.5
random_distinct,300,bst,select,30,315750.0,281775.0,344425.0,62650.0,15787.5,14088.75,17221.25,3132.5
random_distinct,300,ordered_list,build,30,553050.0,546925.0,571000.0,24075.0,1843.5,1823.0833333333333,1903.3333333333333,80.25
random_distinct,300,ordered_list,delete,30,400.0,400.0,475.0,75.0,400.0,400.0,475.0,75.0
random_distinct,300,ordered_list,rank,30,64500.0,54625.0,68875.0,14250.0,3225.0,2731.25,3443.75,712.5
random_distinct,300,ordered_list,search_absent,30,58950.0,57825.0,59675.0,1850.0,2947.5,2891.25,2983.75,92.5
random_distinct,300,ordered_list,search_present,30,62600.0,56475.0,65175.0,8700.0,3130.0,2823.75,3258.75,435.0
random_distinct,300,ordered_list,select,30,73500.0,65650.0,80175.0,14525.0,3675.0,3282.5,4008.75,726.25
random_distinct,900,avl,build,30,4388100.0,4344025.0,4758425.0,414400.0,4875.666666666667,4826.694444444444,5287.138888888889,460.44444444444434
random_distinct,900,avl,delete,30,5700.0,5250.0,6000.0,750.0,5700.0,5250.0,6000.0,750.0
random_distinct,900,avl,rank,30,14750.0,14050.0,15200.0,1150.0,737.5,702.5,760.0,57.5
random_distinct,900,avl,search_absent,30,7600.0,7400.0,7800.0,400.0,380.0,370.0,390.0,20.0
random_distinct,900,avl,search_present,30,8200.0,8000.0,8400.0,400.0,410.0,400.0,420.0,20.0
random_distinct,900,avl,select,30,17750.0,17325.0,18075.0,750.0,887.5,866.25,903.75,37.5
random_distinct,900,bst,build,30,650750.0,635700.0,724650.0,88950.0,723.0555555555555,706.3333333333334,805.1666666666667,98.83333333333337
random_distinct,900,bst,delete,30,900.0,800.0,1100.0,300.0,900.0,800.0,1100.0,300.0
random_distinct,900,bst,rank,30,991050.0,909300.0,1090750.0,181450.0,49552.5,45465.0,54537.5,9072.5
random_distinct,900,bst,search_absent,30,5800.0,5325.0,6200.0,875.0,290.0,266.25,310.0,43.75
random_distinct,900,bst,search_present,30,9750.0,9125.0,10100.0,975.0,487.5,456.25,505.0,48.75
random_distinct,900,bst,select,30,1001100.0,892150.0,1047325.0,155175.0,50055.0,44607.5,52366.25,7758.75
random_distinct,900,ordered_list,build,30,4362150.0,4298250.0,4526550.0,228300.0,4846.833333333334,4775.833333333334,5029.5,253.66666666666606
random_distinct,900,ordered_list,delete,30,500.0,500.0,600.0,100.0,500.0,500.0,600.0,100.0
random_distinct,900,ordered_list,rank,30,215700.0,202750.0,246150.0,43400.0,10785.0,10137.5,12307.5,2170.0
random_distinct,900,ordered_list,search_absent,30,177100.0,175525.0,178875.0,3350.0,8855.0,8776.25,8943.75,167.5
random_distinct,900,ordered_list,search_present,30,182600.0,169575.0,195275.0,25700.0,9130.0,8478.75,9763.75,1285.0
random_distinct,900,ordered_list,select,30,237950.0,210200.0,247275.0,37075.0,11897.5,10510.0,12363.75,1853.75
random_distinct,2700,avl,build,30,15672000.0,15223500.0,16238700.0,1015200.0,5804.444444444445,5638.333333333334,6014.333333333333,375.9999999999991
random_distinct,2700,avl,delete,30,6900.0,6500.0,7550.0,1050.0,6900.0,6500.0,7550.0,1050.0
random_distinct,2700,avl,rank,30,17550.0,16650.0,18075.0,1425.0,877.5,832.5,903.75,71.25
random_distinct,2700,avl,search_absent,30,9100.0,8600.0,9475.0,875.0,455.0,430.0,473.75,43.75
random_distinct,2700,avl,search_present,30,9950.0,9500.0,10100.0,600.0,497.5,475.0,505.0,30.0
random_distinct,2700,avl,select,30,21850.0,21400.0,22575.0,1175.0,1092.5,1070.0,1128.75,58.75
random_distinct,2700,bst,build,30,2383850.0,2176650.0,2950850.0,774200.0,882.9074074074074,806.1666666666666,1092.9074074074074,286.74074074074076
random_distinct,2700,bst,delete,30,1200.0,1000.0,1500.0,500.0,1200.0,1000.0,1500.0,500.0
random_distinct,2700,bst,rank,30,2929500.0,2682925.0,3259125.0,576200.0,146475.0,134146.25,162956.25,28810.0
random_distinct,2700,bst,search_absent,30,6950.0,6500.0,8025.0,1525.0,347.5,325.0,401.25,76.25
random_distinct,2700,bst,search_present,30,11750.0,11200.0,12600.0,1400.0,587.5,560.0,630.0,70.0
random_distinct,2700,bst,select,30,3074450.0,2821750.0,3319800.0,498050.0,153722.5,141087.5,165990.0,24902.5
random_distinct,2700,ordered_list,build,30,37678500.0,37069500.0,38498725.0,1429225.0,13955.0,13729.444444444445,14258.787037037036,529.3425925925912
random_distinct,2700,ordered_list,delete,30,800.0,625.0,800.0,175.0,800.0,625.0,800.0,175.0
random_distinct,2700,ordered_list,rank,30,676200.0,624425.0,760200.0,135775.0,33810.0,31221.25,38010.0,6788.75
random_distinct,2700,ordered_list,search_absent,30,532300.0,523600.0,537175.0,13575.0,26615.0,26180.0,26858.75,678.75
random_distinct,2700,ordered_list,search_present,30,519950.0,475625.0,547600.0,71975.0,25997.5,23781.25,27380.0,3598.75
random_distinct,2700,ordered_list,select,30,749350.0,694975.0,796700.0,101725.0,37467.5,34748.75,39835.0,5086.25
random_distinct,5000,avl,build,30,31472000.0,30756625.0,32074900.0,1318275.0,6294.4,6151.325000000001,6414.98,263.65499999999884
random_distinct,5000,avl,delete,30,7100.0,6725.0,7700.0,975.0,7100.0,6725.0,7700.0,975.0
random_distinct,5000,avl,rank,30,18350.0,17925.0,19075.0,1150.0,917.5,896.25,953.75,57.5
random_distinct,5000,avl,search_absent,30,9400.0,9025.0,9675.0,650.0,470.0,451.25,483.75,32.5
random_distinct,5000,avl,search_present,30,10300.0,9925.0,10800.0,875.0,515.0,496.25,540.0,43.75
random_distinct,5000,avl,select,30,23300.0,22825.0,23975.0,1150.0,1165.0,1141.25,1198.75,57.5
random_distinct,5000,bst,build,30,5382350.0,5042050.0,5541125.0,499075.0,1076.47,1008.4100000000001,1108.2250000000001,99.81500000000005
random_distinct,5000,bst,delete,30,1400.0,1200.0,1600.0,400.0,1400.0,1200.0,1600.0,400.0
random_distinct,5000,bst,rank,30,5288900.0,4904625.0,6050200.0,1145575.0,264445.0,245231.25,302510.0,57278.75
random_distinct,5000,bst,search_absent,30,7250.0,6700.0,7900.0,1200.0,362.5,335.0,395.0,60.0
random_distinct,5000,bst,search_present,30,12700.0,11725.0,13825.0,2100.0,635.0,586.25,691.25,105.0
random_distinct,5000,bst,select,30,5362800.0,5109350.0,6020875.0,911525.0,268140.0,255467.5,301043.75,45576.25
random_distinct,5000,ordered_list,build,30,124792050.0,122399875.0,128059650.0,5659775.0,24958.41,24479.975000000002,25611.93,1131.954999999998
random_distinct,5000,ordered_list,delete,30,850.0,800.0,1100.0,300.0,850.0,800.0,1100.0,300.0
random_distinct,5000,ordered_list,rank,30,1244450.0,1177075.0,1461325.0,284250.0,62222.5,58853.75,73066.25,14212.5
random_distinct,5000,ordered_list,search_absent,30,971950.0,958725.0,991975.0,33250.0,48597.5,47936.25,49598.75,1662.5
random_distinct,5000,ordered_list,search_present,30,965150.0,904100.0,1132275.0,228175.0,48257.5,45205.0,56613.75,11408.75
random_distinct,5000,ordered_list,select,30,1391500.0,1281775.0,1538875.0,257100.0,69575.0,64088.75,76943.75,12855.0
